                  epoch,         train/box_loss,         train/cls_loss,         train/dfl_loss,   metrics/precision(B),      metrics/recall(B),       metrics/mAP50(B),    metrics/mAP50-95(B),           val/box_loss,           val/cls_loss,           val/dfl_loss,                 lr/pg0,                 lr/pg1,                 lr/pg2
                      1,                 1.9497,                 1.1565,                0.93637,                0.23643,                0.18456,                0.13978,                0.06838,                 2.3125,                 1.8389,                0.96722,             0.00037019,             0.00037019,             0.00037019
                      2,                 1.9608,                 1.1604,                0.93729,                0.22117,                0.18191,                0.14992,                0.07246,                  2.361,                 1.7884,                 0.9694,              0.0007332,              0.0007332,              0.0007332
                      3,                 1.9676,                 1.1639,                 0.9392,                0.30822,                0.15051,                0.14029,                0.06897,                 2.3745,                 2.0603,                0.97634,              0.0010889,              0.0010889,              0.0010889
                      4,                 1.9676,                 1.1586,                0.93871,                  0.295,                 0.1806,                0.15954,                0.07929,                 2.3392,                 1.7807,                0.96489,               0.001078,               0.001078,               0.001078
